indeks_fitur,kabkot_asli,kode_wilayah,metode,rasio_luas,nama_wilayah,jenis_wilayah
0,Pacitan,3501,nama_unik,,Kabupaten Pacitan,Kabupaten
1,Ponorogo,3502,nama_unik,,Kabupaten Ponorogo,Kabupaten
2,Trenggalek,3503,nama_unik,,Kabupaten Trenggalek,Kabupaten
3,Tulungagung,3504,nama_unik,,Kabupaten Tulungagung,Kabupaten
4,Blitar,3505,nama_kembar_luas_terbesar,52.2,Kabupaten Blitar,Kabupaten
5,Kediri,3506,nama_kembar_luas_terbesar,22.3,Kabupaten Kediri,Kabupaten
6,Malang,3507,nama_kembar_luas_terbesar,31.7,Kabupaten Malang,Kabupaten
7,Lumajang,3508,nama_unik,,Kabupaten Lumajang,Kabupaten
8,Jember,3509,nama_unik,,Kabupaten Jember,Kabupaten
9,Banyuwangi,3510,nama_unik,,Kabupaten Banyuwangi,Kabupaten
10,Bondowoso,3511,nama_unik,,Kabupaten Bondowoso,Kabupaten
11,Situbondo,3512,nama_unik,,Kabupaten Situbondo,Kabupaten
12,Probolinggo,3513,nama_kembar_luas_terbesar,32.4,Kabupaten Probolinggo,Kabupaten
13,Pasuruan,3514,nama_kembar_luas_terbesar,40.3,Kabupaten Pasuruan,Kabupaten
14,Sidoarjo,3515,nama_unik,,Kabupaten Sidoarjo,Kabupaten
15,Mojokerto,3516,nama_kembar_luas_terbesar,49.9,Kabupaten Mojokerto,Kabupaten
16,Jombang,3517,nama_unik,,Kabupaten Jombang,Kabupaten
17,Nganjuk,3518,nama_unik,,Kabupaten Nganjuk,Kabupaten
18,Madiun,3519,nama_kembar_luas_terbesar,33.1,Kabupaten Madiun,Kabupaten
19,Magetan,3520,nama_unik,,Kabupaten Magetan,Kabupaten
20,Ngawi,3521,nama_unik,,Kabupaten Ngawi,Kabupaten
21,Bojonegoro,3522,nama_unik,,Kabupaten Bojonegoro,Kabupaten
22,Tuban,3523,nama_unik,,Kabupaten Tuban,Kabupaten
23,Lamongan,3524,nama_unik,,Kabupaten Lamongan,Kabupaten
24,Gresik,3525,nama_unik,,Kabupaten Gresik,Kabupaten
25,Bangkalan,3526,nama_unik,,Kabupaten Bangkalan,Kabupaten
26,Sampang,3527,nama_unik,,Kabupaten Sampang,Kabupaten
27,Pamekasan,3528,nama_unik,,Kabupaten Pamekasan,Kabupaten
28,Sumenep,3529,nama_unik,,Kabupaten Sumenep,Kabupaten
29,Kediri,3571,nama_kembar_luas_terkecil,22.3,Kota Kediri,Kota
30,Blitar,3572,nama_kembar_luas_terkecil,52.2,Kota Blitar,Kota
31,Malang,3573,nama_kembar_luas_terkecil,31.7,Kota Malang,Kota
32,Probolinggo,3574,nama_kembar_luas_terkecil,32.4,Kota Probolinggo,Kota
33,Pasuruan,3575,nama_kembar_luas_terkecil,40.3,Kota Pasuruan,Kota
34,Mojokerto,3576,nama_kembar_luas_terkecil,49.9,Kota Mojokerto,Kota
35,Madiun,3577,nama_kembar_luas_terkecil,33.1,Kota Madiun,Kota
36,Surabaya,3578,nama_unik,,Kota Surabaya,Kota
37,Batu,3579,nama_unik,,Kota Batu,Kota
