jenis,kode_wilayah,halaman_pdf,selisih_total_maks
ADHB,3501,85,0.0
ADHB,3502,86,0.0
ADHB,3503,87,0.0
ADHB,3504,88,0.0
ADHB,3505,89,0.0
ADHB,3506,90,5.25
ADHB,3507,91,0.0
ADHB,3508,92,0.0
ADHB,3509,93,0.0
ADHB,3510,94,0.0
ADHB,3511,95,0.0
ADHB,3512,96,0.0
ADHB,3513,97,0.0
ADHB,3514,98,0.0
ADHB,3515,99,0.0
ADHB,3516,100,0.0
ADHB,3517,101,0.0
ADHB,3518,102,0.0
ADHB,3519,103,0.0
ADHB,3520,105,0.0
ADHB,3521,106,0.0
ADHB,3522,104,0.0
ADHB,3523,107,0.0
ADHB,3524,108,0.0
ADHB,3525,109,0.0
ADHB,3526,111,0.0
ADHB,3527,112,0.0
ADHB,3528,110,0.0
ADHB,3529,113,0.0
ADHB,3571,114,0.0
ADHB,3572,115,0.0
ADHB,3573,116,0.0
ADHB,3574,117,0.0
ADHB,3575,118,0.0
ADHB,3576,119,0.0
ADHB,3577,120,0.0
ADHB,3578,121,0.0
ADHB,3579,122,0.0
ADHK,3501,123,0.0
ADHK,3502,124,0.0
ADHK,3503,125,0.0
ADHK,3504,126,0.0
ADHK,3505,127,0.0
ADHK,3506,128,0.0
ADHK,3507,129,0.0
ADHK,3508,130,0.0
ADHK,3509,131,0.0
ADHK,3510,132,0.0
ADHK,3511,133,0.0
ADHK,3512,134,0.0
ADHK,3513,135,0.0
ADHK,3514,136,0.0
ADHK,3515,137,0.0
ADHK,3516,138,0.0
ADHK,3517,139,0.0
ADHK,3518,140,0.0
ADHK,3519,141,0.0
ADHK,3520,142,0.0
ADHK,3521,143,0.0
ADHK,3522,144,0.0
ADHK,3523,145,0.0
ADHK,3524,146,0.0
ADHK,3525,147,0.0
ADHK,3526,148,0.0
ADHK,3527,149,0.0
ADHK,3528,150,0.0
ADHK,3529,151,0.0
ADHK,3571,152,0.0
ADHK,3572,153,0.0
ADHK,3573,154,0.0
ADHK,3574,155,0.0
ADHK,3575,156,0.0
ADHK,3576,157,0.0
ADHK,3577,158,0.0
ADHK,3578,159,0.0
ADHK,3579,160,0.0
IMPLISIT,3501,237,0.0
IMPLISIT,3502,238,0.0
IMPLISIT,3503,239,0.0
IMPLISIT,3504,240,0.0
IMPLISIT,3507,243,0.0
IMPLISIT,3508,244,0.0
IMPLISIT,3509,245,0.0
IMPLISIT,3510,246,0.0
IMPLISIT,3511,247,0.0
IMPLISIT,3512,248,0.0
IMPLISIT,3513,249,0.0
IMPLISIT,3514,250,0.0
IMPLISIT,3516,252,0.0
IMPLISIT,3517,253,0.0
IMPLISIT,3518,254,0.0
IMPLISIT,3519,255,0.0
IMPLISIT,3520,256,0.0
IMPLISIT,3521,257,0.0
IMPLISIT,3522,258,0.0
IMPLISIT,3523,259,0.0
IMPLISIT,3524,260,0.0
IMPLISIT,3525,261,0.0
IMPLISIT,3526,262,0.0
IMPLISIT,3527,263,0.0
IMPLISIT,3528,264,0.0
IMPLISIT,3529,265,0.0
IMPLISIT,3571,266,0.0
IMPLISIT,3572,267,0.0
IMPLISIT,3573,268,0.0
IMPLISIT,3574,269,0.0
IMPLISIT,3575,270,0.0
IMPLISIT,3576,271,0.0
IMPLISIT,3577,272,0.0
IMPLISIT,3578,273,0.0
IMPLISIT,3579,274,0.0
IMPLISIT_BERGESER_1_KOLOM,3505,241,
IMPLISIT_BERGESER_1_KOLOM,3506,242,
IMPLISIT_BERGESER_1_KOLOM,3515,251,
