nama,2020,2021,2022,2023,2024,2025
Pacitan,74.01,74.09,74.35,74.58,74.74,74.98
Ponorogo,74.49,74.55,74.81,75.07,75.28,75.61
Trenggalek,74.58,74.65,74.91,75.16,75.35,75.63
Tulungagung,74.41,74.47,74.73,74.99,75.2,75.51
Blitar,74.54,74.6,74.86,75.12,75.32,75.63
Kediri,74.27,74.3,74.58,74.85,75.07,75.41
Malang,74.56,74.61,74.88,75.14,75.34,75.63
Lumajang,73.83,73.9,74.17,74.41,74.57,74.8
Jember,73.44,73.53,73.79,74.02,74.17,74.37
Banyuwangi,73.35,73.41,73.67,73.93,74.13,74.43
Bondowoso,72.61,72.71,72.98,73.19,73.31,73.47
Situbondo,72.64,72.72,72.99,73.22,73.36,73.54
Probolinggo,73.22,73.32,73.58,73.8,73.93,74.1
Pasuruan,73.83,73.85,74.15,74.41,74.61,74.81
Sidoarjo,74.78,74.8,75.06,75.36,75.63,76.08
Mojokerto,74.16,74.21,74.48,74.74,74.95,75.28
Jombang,73.85,73.91,74.17,74.43,74.64,74.97
Nganjuk,73.85,73.9,74.17,74.43,74.64,74.96
Madiun,74.01,74.09,74.34,74.59,74.79,75.11
Magetan,74.61,74.66,74.92,75.19,75.42,75.76
Ngawi,74.43,74.5,74.76,75.01,75.21,75.49
Bojonegoro,74.14,74.23,74.48,74.72,74.91,75.2
Tuban,74.19,74.27,74.53,74.77,74.95,75.23
Lamongan,74.28,74.34,74.6,74.86,75.07,75.4
Gresik,73.66,73.67,73.96,74.24,74.48,74.9
Bangkalan,72.71,72.75,73.05,73.29,73.43,73.62
Sampang,72.91,72.95,73.24,73.49,73.66,73.89
Pamekasan,72.93,73,73.28,73.51,73.66,73.85
Sumenep,73.11,73.19,73.43,73.69,73.86,74.09
Kota Kediri,75.16,75.18,75.44,75.74,75.94,76.28
Kota Blitar,74.39,74.46,74.71,74.97,75.2,75.47
Kota Malang,74.74,74.8,75.06,75.32,75.54,75.88
Kota Probolinggo,73.52,73.57,73.84,74.1,74.31,74.64
Kota Pasuruan,74.06,74.12,74.38,74.64,74.86,75.19
Kota Mojokerto,75.22,75.27,75.53,75.8,75.99,76.31
Kota Madiun,74.82,74.84,75.11,75.4,75.67,76.11
Kota Surabaya,75.24,75.43,75.62,75.82,76.02,76.34
Kota Batu,74.56,74.59,74.86,75.14,75.36,75.7
JAWA TIMUR,74.21,74.28,74.57,74.87,75.07,75.36
