jenis,label_blok_xlsx,kode_wilayah,sel_berbeda_dari_final_85
ADHB,Kab. Pacitan,3501,0
ADHB,Kab. Ponorogo,3502,0
ADHB,Kab. Trenggalek,3503,0
ADHB,Kab. Tulungagung,3504,0
ADHB,Kab. Blitar,3505,0
ADHB,Kab. Kediri,3506,0
ADHB,Kab. Malang,3507,0
ADHB,Kab. Lumajang,3508,0
ADHB,Kab. Jember,3509,0
ADHB,Kab. Banyuwangi,3510,0
ADHB,Kab. Bondowoso,3511,0
ADHB,Kab. Situbondo,3512,0
ADHB,Kab. Probolinggo,3513,0
ADHB,Kab. Pasuruan,3514,0
ADHB,Kab. Sidoarjo,3515,0
ADHB,Kab. Mojokerto,3516,0
ADHB,Kab. Jombang,3517,0
ADHB,Kab. Nganjuk,3518,0
ADHB,Kab. Madiun,3519,0
ADHB,Kab. Bojonegoro,3522,0
ADHB,Kab. Magetan,3520,0
ADHB,Kab. Ngawi,3521,0
ADHB,Kab. Tuban,3523,0
ADHB,Kab. Lamongan,3524,0
ADHB,Kab. Gresik,3525,0
ADHB,Kab. Pamekasan,3528,0
ADHB,Kab. Bangkalan,3526,0
ADHB,Kab. Sampang,3527,0
ADHB,Kab. Sumenep,3529,0
ADHB,Kota Kediri,3571,0
ADHB,Kota Blitar,3572,0
ADHB,Kota Malang,3573,0
ADHB,Kota Probolinggo,3574,0
ADHB,Kota Pasuruan,3575,0
ADHB,Kota Mojokerto,3576,0
ADHB,Kota Madiun,3577,0
ADHB,Kota Surabaya,3578,0
ADHB,Kota Batu,3579,85
ADHK,Kab. Pacitan,3501,0
ADHK,Kab. Ponorogo,3502,0
ADHK,Kab. Trenggalek,3503,0
ADHK,Kab. Tulungagung,3504,0
ADHK,Kab. Blitar,3505,0
ADHK,Kab. Kediri,3506,0
ADHK,Kab. Malang,3507,0
ADHK,Kab. Lumajang,3508,0
ADHK,Kab. Jember,3509,0
ADHK,Kab. Banyuwangi,3510,0
ADHK,Kab. Bondowoso,3511,0
ADHK,Kab. Situbondo,3512,0
ADHK,Kab. Probolinggo,3513,0
ADHK,Kab. Pasuruan,3514,0
ADHK,Kab. Sidoarjo,3515,0
ADHK,Kab. Mojokerto,3516,0
ADHK,Kab. Jombang,3517,0
ADHK,Kab. Nganjuk,3518,0
ADHK,Kab. Madiun,3519,0
ADHK,Kab. Bojonegoro,3522,85
ADHK,Kab. Magetan,3520,85
ADHK,Kab. Ngawi,3521,85
ADHK,Kab. Tuban,3523,0
ADHK,Kab. Lamongan,3524,0
ADHK,Kab. Gresik,3525,0
ADHK,Kab. Pamekasan,3528,85
ADHK,Kab. Bangkalan,3526,85
ADHK,Kab. Sampang,3527,85
ADHK,Kab. Sumenep,3529,0
ADHK,Kota Kediri,3571,0
ADHK,Kota Blitar,3572,0
ADHK,Kota Malang,3573,85
ADHK,Kota Probolinggo,3574,0
ADHK,Kota Pasuruan,3575,0
ADHK,Kota Mojokerto,3576,0
ADHK,Kota Madiun,3577,0
ADHK,Kota Surabaya,3578,0
ADHK,Kota Batu,3579,0
