kode_kelompok,level,nama_kelompok,tahun,bulan,nama_bulan,inflasi_yoy_persen,flag
00,umum,Umum,2025,1,JAN,1.06,
00,umum,Umum,2025,2,FEB,-0.03,
00,umum,Umum,2025,3,MAR,0.77,
00,umum,Umum,2025,4,APR,1.35,
00,umum,Umum,2025,5,MEI,1.22,
00,umum,Umum,2025,6,JUN,2.02,
00,umum,Umum,2025,7,JUL,2.21,
00,umum,Umum,2025,8,AGT,2.17,
00,umum,Umum,2025,9,SEP,2.53,
00,umum,Umum,2025,10,OKT,2.69,
00,umum,Umum,2025,11,NOV,2.63,
00,umum,Umum,2025,12,DES,2.93,
01,kelompok,"Makanan, Minuman, Dan Tembakau",2025,1,JAN,3.92,
01,kelompok,"Makanan, Minuman, Dan Tembakau",2025,2,FEB,1.76,
01,kelompok,"Makanan, Minuman, Dan Tembakau",2025,3,MAR,1.64,
01,kelompok,"Makanan, Minuman, Dan Tembakau",2025,4,APR,0.36,
01,kelompok,"Makanan, Minuman, Dan Tembakau",2025,5,MEI,-0.08,
01,kelompok,"Makanan, Minuman, Dan Tembakau",2025,6,JUN,2.51,
01,kelompok,"Makanan, Minuman, Dan Tembakau",2025,7,JUL,3.23,
01,kelompok,"Makanan, Minuman, Dan Tembakau",2025,8,AGT,3.3,
01,kelompok,"Makanan, Minuman, Dan Tembakau",2025,9,SEP,4.36,
01,kelompok,"Makanan, Minuman, Dan Tembakau",2025,10,OKT,4.14,
01,kelompok,"Makanan, Minuman, Dan Tembakau",2025,11,NOV,3.81,
01,kelompok,"Makanan, Minuman, Dan Tembakau",2025,12,DES,4.19,
011,subkelompok,Makanan,2025,1,JAN,3.65,
011,subkelompok,Makanan,2025,2,FEB,0.97,
011,subkelompok,Makanan,2025,3,MAR,0.88,
011,subkelompok,Makanan,2025,4,APR,-0.72,
011,subkelompok,Makanan,2025,5,MEI,-1.26,
011,subkelompok,Makanan,2025,6,JUN,1.87,
011,subkelompok,Makanan,2025,7,JUL,2.92,
011,subkelompok,Makanan,2025,8,AGT,3.08,
011,subkelompok,Makanan,2025,9,SEP,4.49,
011,subkelompok,Makanan,2025,10,OKT,4.34,
011,subkelompok,Makanan,2025,11,NOV,3.96,
011,subkelompok,Makanan,2025,12,DES,4.43,
012,subkelompok,Minuman Yang Tidak Beralkohol,2025,1,JAN,5.5,
012,subkelompok,Minuman Yang Tidak Beralkohol,2025,2,FEB,5.83,
012,subkelompok,Minuman Yang Tidak Beralkohol,2025,3,MAR,6.15,
012,subkelompok,Minuman Yang Tidak Beralkohol,2025,4,APR,6.36,
012,subkelompok,Minuman Yang Tidak Beralkohol,2025,5,MEI,6.5,
012,subkelompok,Minuman Yang Tidak Beralkohol,2025,6,JUN,6.48,
012,subkelompok,Minuman Yang Tidak Beralkohol,2025,7,JUL,5.79,
012,subkelompok,Minuman Yang Tidak Beralkohol,2025,8,AGT,5.19,
012,subkelompok,Minuman Yang Tidak Beralkohol,2025,9,SEP,3.89,
012,subkelompok,Minuman Yang Tidak Beralkohol,2025,10,OKT,2.92,
012,subkelompok,Minuman Yang Tidak Beralkohol,2025,11,NOV,2.68,
012,subkelompok,Minuman Yang Tidak Beralkohol,2025,12,DES,2.56,
014,subkelompok,Rokok Dan Tembakau,2025,1,JAN,4.87,
014,subkelompok,Rokok Dan Tembakau,2025,2,FEB,4.8,
014,subkelompok,Rokok Dan Tembakau,2025,3,MAR,4.33,
014,subkelompok,Rokok Dan Tembakau,2025,4,APR,4.43,
014,subkelompok,Rokok Dan Tembakau,2025,5,MEI,4.29,
014,subkelompok,Rokok Dan Tembakau,2025,6,JUN,4.51,
014,subkelompok,Rokok Dan Tembakau,2025,7,JUL,3.75,
014,subkelompok,Rokok Dan Tembakau,2025,8,AGT,3.47,
014,subkelompok,Rokok Dan Tembakau,2025,9,SEP,3.76,
014,subkelompok,Rokok Dan Tembakau,2025,10,OKT,3.65,
014,subkelompok,Rokok Dan Tembakau,2025,11,NOV,3.62,
014,subkelompok,Rokok Dan Tembakau,2025,12,DES,3.65,
02,kelompok,Pakaian Dan Alas Kaki,2025,1,JAN,1.33,
02,kelompok,Pakaian Dan Alas Kaki,2025,2,FEB,1.26,
02,kelompok,Pakaian Dan Alas Kaki,2025,3,MAR,1.1,
02,kelompok,Pakaian Dan Alas Kaki,2025,4,APR,0.89,
02,kelompok,Pakaian Dan Alas Kaki,2025,5,MEI,0.96,
02,kelompok,Pakaian Dan Alas Kaki,2025,6,JUN,1.0,
02,kelompok,Pakaian Dan Alas Kaki,2025,7,JUL,0.93,
02,kelompok,Pakaian Dan Alas Kaki,2025,8,AGT,0.79,
02,kelompok,Pakaian Dan Alas Kaki,2025,9,SEP,0.8,
02,kelompok,Pakaian Dan Alas Kaki,2025,10,OKT,0.84,
02,kelompok,Pakaian Dan Alas Kaki,2025,11,NOV,0.8,
02,kelompok,Pakaian Dan Alas Kaki,2025,12,DES,0.63,
021,subkelompok,Pakaian,2025,1,JAN,1.48,
021,subkelompok,Pakaian,2025,2,FEB,1.39,
021,subkelompok,Pakaian,2025,3,MAR,1.17,
021,subkelompok,Pakaian,2025,4,APR,0.91,
021,subkelompok,Pakaian,2025,5,MEI,0.98,
021,subkelompok,Pakaian,2025,6,JUN,1.0,
021,subkelompok,Pakaian,2025,7,JUL,0.82,
021,subkelompok,Pakaian,2025,8,AGT,0.69,
021,subkelompok,Pakaian,2025,9,SEP,0.56,
021,subkelompok,Pakaian,2025,10,OKT,0.49,
021,subkelompok,Pakaian,2025,11,NOV,0.42,
021,subkelompok,Pakaian,2025,12,DES,0.29,
022,subkelompok,Alas Kaki,2025,1,JAN,1.06,
022,subkelompok,Alas Kaki,2025,2,FEB,1.01,
022,subkelompok,Alas Kaki,2025,3,MAR,0.99,
022,subkelompok,Alas Kaki,2025,4,APR,0.84,
022,subkelompok,Alas Kaki,2025,5,MEI,0.93,
022,subkelompok,Alas Kaki,2025,6,JUN,1.01,
022,subkelompok,Alas Kaki,2025,7,JUL,1.13,
022,subkelompok,Alas Kaki,2025,8,AGT,0.99,
022,subkelompok,Alas Kaki,2025,9,SEP,1.21,
022,subkelompok,Alas Kaki,2025,10,OKT,1.49,
022,subkelompok,Alas Kaki,2025,11,NOV,1.5,
022,subkelompok,Alas Kaki,2025,12,DES,1.24,
03,kelompok,"Perumahan, Air, Listrik, Dan Bahan Bakar Rumah Tangga",2025,1,JAN,-9.76,
03,kelompok,"Perumahan, Air, Listrik, Dan Bahan Bakar Rumah Tangga",2025,2,FEB,-15.41,
03,kelompok,"Perumahan, Air, Listrik, Dan Bahan Bakar Rumah Tangga",2025,3,MAR,-7.49,
03,kelompok,"Perumahan, Air, Listrik, Dan Bahan Bakar Rumah Tangga",2025,4,APR,1.38,
03,kelompok,"Perumahan, Air, Listrik, Dan Bahan Bakar Rumah Tangga",2025,5,MEI,1.3,
03,kelompok,"Perumahan, Air, Listrik, Dan Bahan Bakar Rumah Tangga",2025,6,JUN,1.31,
03,kelompok,"Perumahan, Air, Listrik, Dan Bahan Bakar Rumah Tangga",2025,7,JUL,1.31,
03,kelompok,"Perumahan, Air, Listrik, Dan Bahan Bakar Rumah Tangga",2025,8,AGT,1.35,
03,kelompok,"Perumahan, Air, Listrik, Dan Bahan Bakar Rumah Tangga",2025,9,SEP,1.33,
03,kelompok,"Perumahan, Air, Listrik, Dan Bahan Bakar Rumah Tangga",2025,10,OKT,1.34,
03,kelompok,"Perumahan, Air, Listrik, Dan Bahan Bakar Rumah Tangga",2025,11,NOV,1.34,
03,kelompok,"Perumahan, Air, Listrik, Dan Bahan Bakar Rumah Tangga",2025,12,DES,1.49,
031,subkelompok,Sewa Dan Kontrak Rumah,2025,1,JAN,0.84,
031,subkelompok,Sewa Dan Kontrak Rumah,2025,2,FEB,0.86,
031,subkelompok,Sewa Dan Kontrak Rumah,2025,3,MAR,0.9,
031,subkelompok,Sewa Dan Kontrak Rumah,2025,4,APR,0.9,
031,subkelompok,Sewa Dan Kontrak Rumah,2025,5,MEI,0.74,
031,subkelompok,Sewa Dan Kontrak Rumah,2025,6,JUN,0.82,
031,subkelompok,Sewa Dan Kontrak Rumah,2025,7,JUL,0.82,
031,subkelompok,Sewa Dan Kontrak Rumah,2025,8,AGT,0.99,
031,subkelompok,Sewa Dan Kontrak Rumah,2025,9,SEP,1.01,
031,subkelompok,Sewa Dan Kontrak Rumah,2025,10,OKT,1.08,
031,subkelompok,Sewa Dan Kontrak Rumah,2025,11,NOV,0.98,
031,subkelompok,Sewa Dan Kontrak Rumah,2025,12,DES,1.44,
032,subkelompok,"Pemeliharaan, Perbaikan, Dan Keamanan Tempat Tinggal/Perumahan",2025,1,JAN,0.95,
032,subkelompok,"Pemeliharaan, Perbaikan, Dan Keamanan Tempat Tinggal/Perumahan",2025,2,FEB,0.96,
032,subkelompok,"Pemeliharaan, Perbaikan, Dan Keamanan Tempat Tinggal/Perumahan",2025,3,MAR,1.03,
032,subkelompok,"Pemeliharaan, Perbaikan, Dan Keamanan Tempat Tinggal/Perumahan",2025,4,APR,1.45,
032,subkelompok,"Pemeliharaan, Perbaikan, Dan Keamanan Tempat Tinggal/Perumahan",2025,5,MEI,1.33,
032,subkelompok,"Pemeliharaan, Perbaikan, Dan Keamanan Tempat Tinggal/Perumahan",2025,6,JUN,1.35,
032,subkelompok,"Pemeliharaan, Perbaikan, Dan Keamanan Tempat Tinggal/Perumahan",2025,7,JUL,1.31,
032,subkelompok,"Pemeliharaan, Perbaikan, Dan Keamanan Tempat Tinggal/Perumahan",2025,8,AGT,1.25,
032,subkelompok,"Pemeliharaan, Perbaikan, Dan Keamanan Tempat Tinggal/Perumahan",2025,9,SEP,1.13,
032,subkelompok,"Pemeliharaan, Perbaikan, Dan Keamanan Tempat Tinggal/Perumahan",2025,10,OKT,1.07,
032,subkelompok,"Pemeliharaan, Perbaikan, Dan Keamanan Tempat Tinggal/Perumahan",2025,11,NOV,1.16,
032,subkelompok,"Pemeliharaan, Perbaikan, Dan Keamanan Tempat Tinggal/Perumahan",2025,12,DES,1.32,
033,subkelompok,Penyediaan Air Dan Layanan Perumahan Lainnya,2025,1,JAN,0.09,
033,subkelompok,Penyediaan Air Dan Layanan Perumahan Lainnya,2025,2,FEB,0.07,
033,subkelompok,Penyediaan Air Dan Layanan Perumahan Lainnya,2025,3,MAR,0.09,
033,subkelompok,Penyediaan Air Dan Layanan Perumahan Lainnya,2025,4,APR,0.09,
033,subkelompok,Penyediaan Air Dan Layanan Perumahan Lainnya,2025,5,MEI,0.09,
033,subkelompok,Penyediaan Air Dan Layanan Perumahan Lainnya,2025,6,JUN,0.09,
033,subkelompok,Penyediaan Air Dan Layanan Perumahan Lainnya,2025,7,JUL,0.09,
033,subkelompok,Penyediaan Air Dan Layanan Perumahan Lainnya,2025,8,AGT,0.2,
033,subkelompok,Penyediaan Air Dan Layanan Perumahan Lainnya,2025,9,SEP,0.2,
033,subkelompok,Penyediaan Air Dan Layanan Perumahan Lainnya,2025,10,OKT,0.2,
033,subkelompok,Penyediaan Air Dan Layanan Perumahan Lainnya,2025,11,NOV,0.18,
033,subkelompok,Penyediaan Air Dan Layanan Perumahan Lainnya,2025,12,DES,0.18,
034,subkelompok,Listrik Dan Bahan Bakar Rumah Tangga,2025,1,JAN,-22.53,
034,subkelompok,Listrik Dan Bahan Bakar Rumah Tangga,2025,2,FEB,-35.11,
034,subkelompok,Listrik Dan Bahan Bakar Rumah Tangga,2025,3,MAR,-17.59,
034,subkelompok,Listrik Dan Bahan Bakar Rumah Tangga,2025,4,APR,2.0,
034,subkelompok,Listrik Dan Bahan Bakar Rumah Tangga,2025,5,MEI,1.96,
034,subkelompok,Listrik Dan Bahan Bakar Rumah Tangga,2025,6,JUN,1.92,
034,subkelompok,Listrik Dan Bahan Bakar Rumah Tangga,2025,7,JUL,1.94,
034,subkelompok,Listrik Dan Bahan Bakar Rumah Tangga,2025,8,AGT,1.93,
034,subkelompok,Listrik Dan Bahan Bakar Rumah Tangga,2025,9,SEP,1.92,
034,subkelompok,Listrik Dan Bahan Bakar Rumah Tangga,2025,10,OKT,1.92,
034,subkelompok,Listrik Dan Bahan Bakar Rumah Tangga,2025,11,NOV,1.93,
034,subkelompok,Listrik Dan Bahan Bakar Rumah Tangga,2025,12,DES,1.94,
04,kelompok,"Perlengkapan, Peralatan, Dan Pemeliharaan Rutin Rumah Tangga",2025,1,JAN,0.63,
04,kelompok,"Perlengkapan, Peralatan, Dan Pemeliharaan Rutin Rumah Tangga",2025,2,FEB,0.64,
04,kelompok,"Perlengkapan, Peralatan, Dan Pemeliharaan Rutin Rumah Tangga",2025,3,MAR,0.56,
04,kelompok,"Perlengkapan, Peralatan, Dan Pemeliharaan Rutin Rumah Tangga",2025,4,APR,0.5,
04,kelompok,"Perlengkapan, Peralatan, Dan Pemeliharaan Rutin Rumah Tangga",2025,5,MEI,0.45,
04,kelompok,"Perlengkapan, Peralatan, Dan Pemeliharaan Rutin Rumah Tangga",2025,6,JUN,0.49,
04,kelompok,"Perlengkapan, Peralatan, Dan Pemeliharaan Rutin Rumah Tangga",2025,7,JUL,0.46,
04,kelompok,"Perlengkapan, Peralatan, Dan Pemeliharaan Rutin Rumah Tangga",2025,8,AGT,0.41,
04,kelompok,"Perlengkapan, Peralatan, Dan Pemeliharaan Rutin Rumah Tangga",2025,9,SEP,0.45,
04,kelompok,"Perlengkapan, Peralatan, Dan Pemeliharaan Rutin Rumah Tangga",2025,10,OKT,0.47,
04,kelompok,"Perlengkapan, Peralatan, Dan Pemeliharaan Rutin Rumah Tangga",2025,11,NOV,0.38,
04,kelompok,"Perlengkapan, Peralatan, Dan Pemeliharaan Rutin Rumah Tangga",2025,12,DES,0.3,
041,subkelompok,"Furnitur, Perlengkapan Dan Karpet",2025,1,JAN,0.6,
041,subkelompok,"Furnitur, Perlengkapan Dan Karpet",2025,2,FEB,0.59,
041,subkelompok,"Furnitur, Perlengkapan Dan Karpet",2025,3,MAR,0.31,
041,subkelompok,"Furnitur, Perlengkapan Dan Karpet",2025,4,APR,0.43,
041,subkelompok,"Furnitur, Perlengkapan Dan Karpet",2025,5,MEI,0.41,
041,subkelompok,"Furnitur, Perlengkapan Dan Karpet",2025,6,JUN,0.39,
041,subkelompok,"Furnitur, Perlengkapan Dan Karpet",2025,7,JUL,0.41,
041,subkelompok,"Furnitur, Perlengkapan Dan Karpet",2025,8,AGT,0.4,
041,subkelompok,"Furnitur, Perlengkapan Dan Karpet",2025,9,SEP,0.37,
041,subkelompok,"Furnitur, Perlengkapan Dan Karpet",2025,10,OKT,0.37,
041,subkelompok,"Furnitur, Perlengkapan Dan Karpet",2025,11,NOV,0.35,
041,subkelompok,"Furnitur, Perlengkapan Dan Karpet",2025,12,DES,0.34,
042,subkelompok,Tekstil Rumah Tangga,2025,1,JAN,0.95,
042,subkelompok,Tekstil Rumah Tangga,2025,2,FEB,1.02,
042,subkelompok,Tekstil Rumah Tangga,2025,3,MAR,0.97,
042,subkelompok,Tekstil Rumah Tangga,2025,4,APR,0.96,
042,subkelompok,Tekstil Rumah Tangga,2025,5,MEI,0.9,
042,subkelompok,Tekstil Rumah Tangga,2025,6,JUN,0.86,
042,subkelompok,Tekstil Rumah Tangga,2025,7,JUL,0.85,
042,subkelompok,Tekstil Rumah Tangga,2025,8,AGT,0.72,
042,subkelompok,Tekstil Rumah Tangga,2025,9,SEP,1.09,
042,subkelompok,Tekstil Rumah Tangga,2025,10,OKT,1.4,
042,subkelompok,Tekstil Rumah Tangga,2025,11,NOV,1.27,
042,subkelompok,Tekstil Rumah Tangga,2025,12,DES,1.14,
043,subkelompok,Peralatan Rumah Tangga,2025,1,JAN,0.61,
043,subkelompok,Peralatan Rumah Tangga,2025,2,FEB,0.69,
043,subkelompok,Peralatan Rumah Tangga,2025,3,MAR,0.67,
043,subkelompok,Peralatan Rumah Tangga,2025,4,APR,0.61,
043,subkelompok,Peralatan Rumah Tangga,2025,5,MEI,0.61,
043,subkelompok,Peralatan Rumah Tangga,2025,6,JUN,0.94,
043,subkelompok,Peralatan Rumah Tangga,2025,7,JUL,0.88,
043,subkelompok,Peralatan Rumah Tangga,2025,8,AGT,0.98,
043,subkelompok,Peralatan Rumah Tangga,2025,9,SEP,1.04,
043,subkelompok,Peralatan Rumah Tangga,2025,10,OKT,1.03,
043,subkelompok,Peralatan Rumah Tangga,2025,11,NOV,0.91,
043,subkelompok,Peralatan Rumah Tangga,2025,12,DES,0.84,
044,subkelompok,Barang Pecah Belah Dan Peralatan Makan Minum,2025,1,JAN,1.49,
044,subkelompok,Barang Pecah Belah Dan Peralatan Makan Minum,2025,2,FEB,1.4,
044,subkelompok,Barang Pecah Belah Dan Peralatan Makan Minum,2025,3,MAR,1.99,
044,subkelompok,Barang Pecah Belah Dan Peralatan Makan Minum,2025,4,APR,2.01,
044,subkelompok,Barang Pecah Belah Dan Peralatan Makan Minum,2025,5,MEI,2.55,
044,subkelompok,Barang Pecah Belah Dan Peralatan Makan Minum,2025,6,JUN,2.0,
044,subkelompok,Barang Pecah Belah Dan Peralatan Makan Minum,2025,7,JUL,2.2,
044,subkelompok,Barang Pecah Belah Dan Peralatan Makan Minum,2025,8,AGT,2.58,
044,subkelompok,Barang Pecah Belah Dan Peralatan Makan Minum,2025,9,SEP,2.57,
044,subkelompok,Barang Pecah Belah Dan Peralatan Makan Minum,2025,10,OKT,2.65,
044,subkelompok,Barang Pecah Belah Dan Peralatan Makan Minum,2025,11,NOV,2.41,
044,subkelompok,Barang Pecah Belah Dan Peralatan Makan Minum,2025,12,DES,2.31,
045,subkelompok,Peralatan Dan Perlengkapan Perumahan Dan Kebun,2025,1,JAN,2.06,
045,subkelompok,Peralatan Dan Perlengkapan Perumahan Dan Kebun,2025,2,FEB,2.32,
045,subkelompok,Peralatan Dan Perlengkapan Perumahan Dan Kebun,2025,3,MAR,2.1,
045,subkelompok,Peralatan Dan Perlengkapan Perumahan Dan Kebun,2025,4,APR,2.13,
045,subkelompok,Peralatan Dan Perlengkapan Perumahan Dan Kebun,2025,5,MEI,2.12,
045,subkelompok,Peralatan Dan Perlengkapan Perumahan Dan Kebun,2025,6,JUN,2.65,
045,subkelompok,Peralatan Dan Perlengkapan Perumahan Dan Kebun,2025,7,JUL,2.99,
045,subkelompok,Peralatan Dan Perlengkapan Perumahan Dan Kebun,2025,8,AGT,2.21,
045,subkelompok,Peralatan Dan Perlengkapan Perumahan Dan Kebun,2025,9,SEP,2.13,
045,subkelompok,Peralatan Dan Perlengkapan Perumahan Dan Kebun,2025,10,OKT,2.3,
045,subkelompok,Peralatan Dan Perlengkapan Perumahan Dan Kebun,2025,11,NOV,2.14,
045,subkelompok,Peralatan Dan Perlengkapan Perumahan Dan Kebun,2025,12,DES,2.4,
046,subkelompok,Barang Dan Layanan Untuk Pemeliharaan Rumah Tangga Rutin,2025,1,JAN,0.47,
046,subkelompok,Barang Dan Layanan Untuk Pemeliharaan Rumah Tangga Rutin,2025,2,FEB,0.42,
046,subkelompok,Barang Dan Layanan Untuk Pemeliharaan Rumah Tangga Rutin,2025,3,MAR,0.35,
046,subkelompok,Barang Dan Layanan Untuk Pemeliharaan Rumah Tangga Rutin,2025,4,APR,0.19,
046,subkelompok,Barang Dan Layanan Untuk Pemeliharaan Rumah Tangga Rutin,2025,5,MEI,0.05,
046,subkelompok,Barang Dan Layanan Untuk Pemeliharaan Rumah Tangga Rutin,2025,6,JUN,0.02,
046,subkelompok,Barang Dan Layanan Untuk Pemeliharaan Rumah Tangga Rutin,2025,7,JUL,-0.06,
046,subkelompok,Barang Dan Layanan Untuk Pemeliharaan Rumah Tangga Rutin,2025,8,AGT,-0.21,
046,subkelompok,Barang Dan Layanan Untuk Pemeliharaan Rumah Tangga Rutin,2025,9,SEP,-0.17,
046,subkelompok,Barang Dan Layanan Untuk Pemeliharaan Rumah Tangga Rutin,2025,10,OKT,-0.16,
046,subkelompok,Barang Dan Layanan Untuk Pemeliharaan Rumah Tangga Rutin,2025,11,NOV,-0.26,
046,subkelompok,Barang Dan Layanan Untuk Pemeliharaan Rumah Tangga Rutin,2025,12,DES,-0.4,
05,kelompok,Kesehatan,2025,1,JAN,1.94,
05,kelompok,Kesehatan,2025,2,FEB,1.7,
05,kelompok,Kesehatan,2025,3,MAR,1.95,
05,kelompok,Kesehatan,2025,4,APR,1.96,
05,kelompok,Kesehatan,2025,5,MEI,1.98,
05,kelompok,Kesehatan,2025,6,JUN,2.23,
05,kelompok,Kesehatan,2025,7,JUL,2.08,
05,kelompok,Kesehatan,2025,8,AGT,2.12,
05,kelompok,Kesehatan,2025,9,SEP,2.12,
05,kelompok,Kesehatan,2025,10,OKT,1.87,
05,kelompok,Kesehatan,2025,11,NOV,1.96,
05,kelompok,Kesehatan,2025,12,DES,2.08,
051,subkelompok,Obat-Obatan Dan Produk Kesehatan,2025,1,JAN,2.83,
051,subkelompok,Obat-Obatan Dan Produk Kesehatan,2025,2,FEB,2.21,
051,subkelompok,Obat-Obatan Dan Produk Kesehatan,2025,3,MAR,2.2,
051,subkelompok,Obat-Obatan Dan Produk Kesehatan,2025,4,APR,2.2,
051,subkelompok,Obat-Obatan Dan Produk Kesehatan,2025,5,MEI,2.21,
051,subkelompok,Obat-Obatan Dan Produk Kesehatan,2025,6,JUN,2.46,
051,subkelompok,Obat-Obatan Dan Produk Kesehatan,2025,7,JUL,2.05,
051,subkelompok,Obat-Obatan Dan Produk Kesehatan,2025,8,AGT,2.25,
051,subkelompok,Obat-Obatan Dan Produk Kesehatan,2025,9,SEP,2.22,
051,subkelompok,Obat-Obatan Dan Produk Kesehatan,2025,10,OKT,1.51,
051,subkelompok,Obat-Obatan Dan Produk Kesehatan,2025,11,NOV,1.48,
051,subkelompok,Obat-Obatan Dan Produk Kesehatan,2025,12,DES,1.76,
052,subkelompok,Jasa Rawat Jalan,2025,1,JAN,1.59,
052,subkelompok,Jasa Rawat Jalan,2025,2,FEB,1.59,
052,subkelompok,Jasa Rawat Jalan,2025,3,MAR,2.34,
052,subkelompok,Jasa Rawat Jalan,2025,4,APR,2.33,
052,subkelompok,Jasa Rawat Jalan,2025,5,MEI,2.37,
052,subkelompok,Jasa Rawat Jalan,2025,6,JUN,3.13,
052,subkelompok,Jasa Rawat Jalan,2025,7,JUL,3.15,
052,subkelompok,Jasa Rawat Jalan,2025,8,AGT,3.04,
052,subkelompok,Jasa Rawat Jalan,2025,9,SEP,3.05,
052,subkelompok,Jasa Rawat Jalan,2025,10,OKT,3.08,
052,subkelompok,Jasa Rawat Jalan,2025,11,NOV,3.45,
052,subkelompok,Jasa Rawat Jalan,2025,12,DES,3.48,
053,subkelompok,Jasa Rawat Inap,2025,1,JAN,0.69,
053,subkelompok,Jasa Rawat Inap,2025,2,FEB,0.57,
053,subkelompok,Jasa Rawat Inap,2025,3,MAR,0.75,
053,subkelompok,Jasa Rawat Inap,2025,4,APR,0.75,
053,subkelompok,Jasa Rawat Inap,2025,5,MEI,0.78,
053,subkelompok,Jasa Rawat Inap,2025,6,JUN,0.78,
053,subkelompok,Jasa Rawat Inap,2025,7,JUL,0.78,
053,subkelompok,Jasa Rawat Inap,2025,8,AGT,0.78,
053,subkelompok,Jasa Rawat Inap,2025,9,SEP,0.78,
053,subkelompok,Jasa Rawat Inap,2025,10,OKT,0.88,
053,subkelompok,Jasa Rawat Inap,2025,11,NOV,0.88,
053,subkelompok,Jasa Rawat Inap,2025,12,DES,0.88,
054,subkelompok,Jasa Kesehatan Lainnya,2025,1,JAN,2.21,
054,subkelompok,Jasa Kesehatan Lainnya,2025,2,FEB,2.43,
054,subkelompok,Jasa Kesehatan Lainnya,2025,3,MAR,2.52,
054,subkelompok,Jasa Kesehatan Lainnya,2025,4,APR,2.52,
054,subkelompok,Jasa Kesehatan Lainnya,2025,5,MEI,2.58,
054,subkelompok,Jasa Kesehatan Lainnya,2025,6,JUN,2.16,
054,subkelompok,Jasa Kesehatan Lainnya,2025,7,JUL,2.11,
054,subkelompok,Jasa Kesehatan Lainnya,2025,8,AGT,2.1,
054,subkelompok,Jasa Kesehatan Lainnya,2025,9,SEP,2.1,
054,subkelompok,Jasa Kesehatan Lainnya,2025,10,OKT,2.12,
054,subkelompok,Jasa Kesehatan Lainnya,2025,11,NOV,2.12,
054,subkelompok,Jasa Kesehatan Lainnya,2025,12,DES,2.12,
06,kelompok,Transportasi,2025,1,JAN,0.71,
06,kelompok,Transportasi,2025,2,FEB,1.21,
06,kelompok,Transportasi,2025,3,MAR,0.49,
06,kelompok,Transportasi,2025,4,APR,-0.33,
06,kelompok,Transportasi,2025,5,MEI,0.19,
06,kelompok,Transportasi,2025,6,JUN,0.47,
06,kelompok,Transportasi,2025,7,JUL,0.66,
06,kelompok,Transportasi,2025,8,AGT,0.35,
06,kelompok,Transportasi,2025,9,SEP,0.05,
06,kelompok,Transportasi,2025,10,OKT,0.79,
06,kelompok,Transportasi,2025,11,NOV,1.01,
06,kelompok,Transportasi,2025,12,DES,1.82,
061,subkelompok,Pembelian Kendaraan,2025,1,JAN,1.69,
061,subkelompok,Pembelian Kendaraan,2025,2,FEB,2.07,
061,subkelompok,Pembelian Kendaraan,2025,3,MAR,1.99,
061,subkelompok,Pembelian Kendaraan,2025,4,APR,1.49,
061,subkelompok,Pembelian Kendaraan,2025,5,MEI,1.54,
061,subkelompok,Pembelian Kendaraan,2025,6,JUN,1.78,
061,subkelompok,Pembelian Kendaraan,2025,7,JUL,2.03,
061,subkelompok,Pembelian Kendaraan,2025,8,AGT,2.29,
061,subkelompok,Pembelian Kendaraan,2025,9,SEP,2.09,
061,subkelompok,Pembelian Kendaraan,2025,10,OKT,2.43,
061,subkelompok,Pembelian Kendaraan,2025,11,NOV,2.32,
061,subkelompok,Pembelian Kendaraan,2025,12,DES,2.34,
062,subkelompok,Pengoperasian Peralatan Transportasi Pribadi,2025,1,JAN,0.21,
062,subkelompok,Pengoperasian Peralatan Transportasi Pribadi,2025,2,FEB,0.43,
062,subkelompok,Pengoperasian Peralatan Transportasi Pribadi,2025,3,MAR,0.41,
062,subkelompok,Pengoperasian Peralatan Transportasi Pribadi,2025,4,APR,-0.07,
062,subkelompok,Pengoperasian Peralatan Transportasi Pribadi,2025,5,MEI,-0.12,
062,subkelompok,Pengoperasian Peralatan Transportasi Pribadi,2025,6,JUN,-0.41,
062,subkelompok,Pengoperasian Peralatan Transportasi Pribadi,2025,7,JUL,-0.09,
062,subkelompok,Pengoperasian Peralatan Transportasi Pribadi,2025,8,AGT,-0.79,
062,subkelompok,Pengoperasian Peralatan Transportasi Pribadi,2025,9,SEP,-0.4,
062,subkelompok,Pengoperasian Peralatan Transportasi Pribadi,2025,10,OKT,0.3,
062,subkelompok,Pengoperasian Peralatan Transportasi Pribadi,2025,11,NOV,0.33,
062,subkelompok,Pengoperasian Peralatan Transportasi Pribadi,2025,12,DES,0.82,
063,subkelompok,Jasa Angkutan Penumpang,2025,1,JAN,0.31,
063,subkelompok,Jasa Angkutan Penumpang,2025,2,FEB,2.07,
063,subkelompok,Jasa Angkutan Penumpang,2025,3,MAR,-2.43,
063,subkelompok,Jasa Angkutan Penumpang,2025,4,APR,-4.9,
063,subkelompok,Jasa Angkutan Penumpang,2025,5,MEI,-1.58,
063,subkelompok,Jasa Angkutan Penumpang,2025,6,JUN,0.65,
063,subkelompok,Jasa Angkutan Penumpang,2025,7,JUL,0.21,
063,subkelompok,Jasa Angkutan Penumpang,2025,8,AGT,0.04,
063,subkelompok,Jasa Angkutan Penumpang,2025,9,SEP,-2.85,
063,subkelompok,Jasa Angkutan Penumpang,2025,10,OKT,-1.08,
063,subkelompok,Jasa Angkutan Penumpang,2025,11,NOV,0.52,
063,subkelompok,Jasa Angkutan Penumpang,2025,12,DES,4.19,
064,subkelompok,Jasa Pengiriman Barang,2025,1,JAN,0.85,
064,subkelompok,Jasa Pengiriman Barang,2025,2,FEB,0.85,
064,subkelompok,Jasa Pengiriman Barang,2025,3,MAR,0.85,
064,subkelompok,Jasa Pengiriman Barang,2025,4,APR,0.85,
064,subkelompok,Jasa Pengiriman Barang,2025,5,MEI,0.57,
064,subkelompok,Jasa Pengiriman Barang,2025,6,JUN,0.57,
064,subkelompok,Jasa Pengiriman Barang,2025,7,JUL,0.57,
064,subkelompok,Jasa Pengiriman Barang,2025,8,AGT,0.51,
064,subkelompok,Jasa Pengiriman Barang,2025,9,SEP,0.47,
064,subkelompok,Jasa Pengiriman Barang,2025,10,OKT,0.5,
064,subkelompok,Jasa Pengiriman Barang,2025,11,NOV,0.15,
064,subkelompok,Jasa Pengiriman Barang,2025,12,DES,0.06,
07,kelompok,"Informasi, Komunikasi, Dan Jasa Keuangan",2025,1,JAN,-0.16,
07,kelompok,"Informasi, Komunikasi, Dan Jasa Keuangan",2025,2,FEB,-0.23,
07,kelompok,"Informasi, Komunikasi, Dan Jasa Keuangan",2025,3,MAR,-0.16,
07,kelompok,"Informasi, Komunikasi, Dan Jasa Keuangan",2025,4,APR,-0.69,
07,kelompok,"Informasi, Komunikasi, Dan Jasa Keuangan",2025,5,MEI,-0.58,
07,kelompok,"Informasi, Komunikasi, Dan Jasa Keuangan",2025,6,JUN,-0.52,
07,kelompok,"Informasi, Komunikasi, Dan Jasa Keuangan",2025,7,JUL,-0.58,
07,kelompok,"Informasi, Komunikasi, Dan Jasa Keuangan",2025,8,AGT,-0.56,
07,kelompok,"Informasi, Komunikasi, Dan Jasa Keuangan",2025,9,SEP,-0.54,
07,kelompok,"Informasi, Komunikasi, Dan Jasa Keuangan",2025,10,OKT,-0.55,
07,kelompok,"Informasi, Komunikasi, Dan Jasa Keuangan",2025,11,NOV,-0.54,
07,kelompok,"Informasi, Komunikasi, Dan Jasa Keuangan",2025,12,DES,-0.53,
071,subkelompok,Peralatan Informasi Dan Komunikasi,2025,1,JAN,-0.56,
071,subkelompok,Peralatan Informasi Dan Komunikasi,2025,2,FEB,-0.77,
071,subkelompok,Peralatan Informasi Dan Komunikasi,2025,3,MAR,-0.55,
071,subkelompok,Peralatan Informasi Dan Komunikasi,2025,4,APR,-1.09,
071,subkelompok,Peralatan Informasi Dan Komunikasi,2025,5,MEI,-1.89,
071,subkelompok,Peralatan Informasi Dan Komunikasi,2025,6,JUN,-1.72,
071,subkelompok,Peralatan Informasi Dan Komunikasi,2025,7,JUL,-1.88,
071,subkelompok,Peralatan Informasi Dan Komunikasi,2025,8,AGT,-1.83,
071,subkelompok,Peralatan Informasi Dan Komunikasi,2025,9,SEP,-1.85,
071,subkelompok,Peralatan Informasi Dan Komunikasi,2025,10,OKT,-1.81,
071,subkelompok,Peralatan Informasi Dan Komunikasi,2025,11,NOV,-1.79,
071,subkelompok,Peralatan Informasi Dan Komunikasi,2025,12,DES,-1.74,
072,subkelompok,Layanan Informasi Dan Komunikasi,2025,1,JAN,0.03,
072,subkelompok,Layanan Informasi Dan Komunikasi,2025,2,FEB,0.03,
072,subkelompok,Layanan Informasi Dan Komunikasi,2025,3,MAR,0.03,
072,subkelompok,Layanan Informasi Dan Komunikasi,2025,4,APR,-0.59,
072,subkelompok,Layanan Informasi Dan Komunikasi,2025,5,MEI,0.03,
072,subkelompok,Layanan Informasi Dan Komunikasi,2025,6,JUN,0.03,
072,subkelompok,Layanan Informasi Dan Komunikasi,2025,7,JUL,0.03,
072,subkelompok,Layanan Informasi Dan Komunikasi,2025,8,AGT,0.04,
072,subkelompok,Layanan Informasi Dan Komunikasi,2025,9,SEP,0.04,
072,subkelompok,Layanan Informasi Dan Komunikasi,2025,10,OKT,0.01,
072,subkelompok,Layanan Informasi Dan Komunikasi,2025,11,NOV,0.01,
072,subkelompok,Layanan Informasi Dan Komunikasi,2025,12,DES,0.01,
073,subkelompok,Asuransi,2025,1,JAN,,mendekati_nol
073,subkelompok,Asuransi,2025,2,FEB,,mendekati_nol
073,subkelompok,Asuransi,2025,3,MAR,,mendekati_nol
073,subkelompok,Asuransi,2025,4,APR,,mendekati_nol
073,subkelompok,Asuransi,2025,5,MEI,,mendekati_nol
073,subkelompok,Asuransi,2025,6,JUN,,mendekati_nol
073,subkelompok,Asuransi,2025,7,JUL,,mendekati_nol
073,subkelompok,Asuransi,2025,8,AGT,,mendekati_nol
073,subkelompok,Asuransi,2025,9,SEP,,mendekati_nol
073,subkelompok,Asuransi,2025,10,OKT,,mendekati_nol
073,subkelompok,Asuransi,2025,11,NOV,,mendekati_nol
073,subkelompok,Asuransi,2025,12,DES,,mendekati_nol
074,subkelompok,Jasa Keuangan,2025,1,JAN,,mendekati_nol
074,subkelompok,Jasa Keuangan,2025,2,FEB,,mendekati_nol
074,subkelompok,Jasa Keuangan,2025,3,MAR,,mendekati_nol
074,subkelompok,Jasa Keuangan,2025,4,APR,,mendekati_nol
074,subkelompok,Jasa Keuangan,2025,5,MEI,,mendekati_nol
074,subkelompok,Jasa Keuangan,2025,6,JUN,,mendekati_nol
074,subkelompok,Jasa Keuangan,2025,7,JUL,,mendekati_nol
074,subkelompok,Jasa Keuangan,2025,8,AGT,,mendekati_nol
074,subkelompok,Jasa Keuangan,2025,9,SEP,0.3,
074,subkelompok,Jasa Keuangan,2025,10,OKT,0.3,
074,subkelompok,Jasa Keuangan,2025,11,NOV,0.3,
074,subkelompok,Jasa Keuangan,2025,12,DES,0.3,
08,kelompok,"Rekreasi, Olahraga, Dan Budaya",2025,1,JAN,1.42,
08,kelompok,"Rekreasi, Olahraga, Dan Budaya",2025,2,FEB,1.39,
08,kelompok,"Rekreasi, Olahraga, Dan Budaya",2025,3,MAR,1.4,
08,kelompok,"Rekreasi, Olahraga, Dan Budaya",2025,4,APR,1.49,
08,kelompok,"Rekreasi, Olahraga, Dan Budaya",2025,5,MEI,1.46,
08,kelompok,"Rekreasi, Olahraga, Dan Budaya",2025,6,JUN,1.35,
08,kelompok,"Rekreasi, Olahraga, Dan Budaya",2025,7,JUL,1.27,
08,kelompok,"Rekreasi, Olahraga, Dan Budaya",2025,8,AGT,1.29,
08,kelompok,"Rekreasi, Olahraga, Dan Budaya",2025,9,SEP,1.16,
08,kelompok,"Rekreasi, Olahraga, Dan Budaya",2025,10,OKT,1.09,
08,kelompok,"Rekreasi, Olahraga, Dan Budaya",2025,11,NOV,1.17,
08,kelompok,"Rekreasi, Olahraga, Dan Budaya",2025,12,DES,0.96,
081,subkelompok,Barang Rekreasi Tahan Lama,2025,1,JAN,,mendekati_nol
081,subkelompok,Barang Rekreasi Tahan Lama,2025,2,FEB,,mendekati_nol
081,subkelompok,Barang Rekreasi Tahan Lama,2025,3,MAR,,mendekati_nol
081,subkelompok,Barang Rekreasi Tahan Lama,2025,4,APR,,mendekati_nol
081,subkelompok,Barang Rekreasi Tahan Lama,2025,5,MEI,,mendekati_nol
081,subkelompok,Barang Rekreasi Tahan Lama,2025,6,JUN,,mendekati_nol
081,subkelompok,Barang Rekreasi Tahan Lama,2025,7,JUL,,mendekati_nol
081,subkelompok,Barang Rekreasi Tahan Lama,2025,8,AGT,,mendekati_nol
081,subkelompok,Barang Rekreasi Tahan Lama,2025,9,SEP,,mendekati_nol
081,subkelompok,Barang Rekreasi Tahan Lama,2025,10,OKT,,mendekati_nol
081,subkelompok,Barang Rekreasi Tahan Lama,2025,11,NOV,,mendekati_nol
081,subkelompok,Barang Rekreasi Tahan Lama,2025,12,DES,,mendekati_nol
082,subkelompok,Barang Rekreasi Lainnya Dan Olahraga,2025,1,JAN,1.74,
082,subkelompok,Barang Rekreasi Lainnya Dan Olahraga,2025,2,FEB,1.71,
082,subkelompok,Barang Rekreasi Lainnya Dan Olahraga,2025,3,MAR,1.44,
082,subkelompok,Barang Rekreasi Lainnya Dan Olahraga,2025,4,APR,1.96,
082,subkelompok,Barang Rekreasi Lainnya Dan Olahraga,2025,5,MEI,1.83,
082,subkelompok,Barang Rekreasi Lainnya Dan Olahraga,2025,6,JUN,1.74,
082,subkelompok,Barang Rekreasi Lainnya Dan Olahraga,2025,7,JUL,1.74,
082,subkelompok,Barang Rekreasi Lainnya Dan Olahraga,2025,8,AGT,1.69,
082,subkelompok,Barang Rekreasi Lainnya Dan Olahraga,2025,9,SEP,1.63,
082,subkelompok,Barang Rekreasi Lainnya Dan Olahraga,2025,10,OKT,1.56,
082,subkelompok,Barang Rekreasi Lainnya Dan Olahraga,2025,11,NOV,1.59,
082,subkelompok,Barang Rekreasi Lainnya Dan Olahraga,2025,12,DES,1.27,
083,subkelompok,Layanan Rekreasi Dan Olahraga,2025,1,JAN,0.66,
083,subkelompok,Layanan Rekreasi Dan Olahraga,2025,2,FEB,0.59,
083,subkelompok,Layanan Rekreasi Dan Olahraga,2025,3,MAR,0.59,
083,subkelompok,Layanan Rekreasi Dan Olahraga,2025,4,APR,0.45,
083,subkelompok,Layanan Rekreasi Dan Olahraga,2025,5,MEI,0.3,
083,subkelompok,Layanan Rekreasi Dan Olahraga,2025,6,JUN,0.49,
083,subkelompok,Layanan Rekreasi Dan Olahraga,2025,7,JUL,0.49,
083,subkelompok,Layanan Rekreasi Dan Olahraga,2025,8,AGT,0.48,
083,subkelompok,Layanan Rekreasi Dan Olahraga,2025,9,SEP,0.48,
083,subkelompok,Layanan Rekreasi Dan Olahraga,2025,10,OKT,0.48,
083,subkelompok,Layanan Rekreasi Dan Olahraga,2025,11,NOV,0.48,
083,subkelompok,Layanan Rekreasi Dan Olahraga,2025,12,DES,0.32,
084,subkelompok,Perlengkapan Kebudayaan,2025,1,JAN,-1.79,
084,subkelompok,Perlengkapan Kebudayaan,2025,2,FEB,-1.79,
084,subkelompok,Perlengkapan Kebudayaan,2025,3,MAR,-1.79,
084,subkelompok,Perlengkapan Kebudayaan,2025,4,APR,-2.67,
084,subkelompok,Perlengkapan Kebudayaan,2025,5,MEI,-2.8,
084,subkelompok,Perlengkapan Kebudayaan,2025,6,JUN,-2.8,
084,subkelompok,Perlengkapan Kebudayaan,2025,7,JUL,-2.8,
084,subkelompok,Perlengkapan Kebudayaan,2025,8,AGT,-2.8,
084,subkelompok,Perlengkapan Kebudayaan,2025,9,SEP,-2.8,
084,subkelompok,Perlengkapan Kebudayaan,2025,10,OKT,,mendekati_nol
084,subkelompok,Perlengkapan Kebudayaan,2025,11,NOV,,mendekati_nol
084,subkelompok,Perlengkapan Kebudayaan,2025,12,DES,,mendekati_nol
085,subkelompok,Layanan Kebudayaan,2025,1,JAN,3.9,
085,subkelompok,Layanan Kebudayaan,2025,2,FEB,3.39,
085,subkelompok,Layanan Kebudayaan,2025,3,MAR,3.39,
085,subkelompok,Layanan Kebudayaan,2025,4,APR,3.27,
085,subkelompok,Layanan Kebudayaan,2025,5,MEI,3.27,
085,subkelompok,Layanan Kebudayaan,2025,6,JUN,3.79,
085,subkelompok,Layanan Kebudayaan,2025,7,JUL,3.56,
085,subkelompok,Layanan Kebudayaan,2025,8,AGT,3.63,
085,subkelompok,Layanan Kebudayaan,2025,9,SEP,0.93,
085,subkelompok,Layanan Kebudayaan,2025,10,OKT,0.93,
085,subkelompok,Layanan Kebudayaan,2025,11,NOV,1.27,
085,subkelompok,Layanan Kebudayaan,2025,12,DES,1.09,
086,subkelompok,"Koran, Buku, Dan Perlengkapan Sekolah",2025,1,JAN,1.71,
086,subkelompok,"Koran, Buku, Dan Perlengkapan Sekolah",2025,2,FEB,1.78,
086,subkelompok,"Koran, Buku, Dan Perlengkapan Sekolah",2025,3,MAR,2.03,
086,subkelompok,"Koran, Buku, Dan Perlengkapan Sekolah",2025,4,APR,1.96,
086,subkelompok,"Koran, Buku, Dan Perlengkapan Sekolah",2025,5,MEI,2.13,
086,subkelompok,"Koran, Buku, Dan Perlengkapan Sekolah",2025,6,JUN,1.66,
086,subkelompok,"Koran, Buku, Dan Perlengkapan Sekolah",2025,7,JUL,1.46,
086,subkelompok,"Koran, Buku, Dan Perlengkapan Sekolah",2025,8,AGT,1.57,
086,subkelompok,"Koran, Buku, Dan Perlengkapan Sekolah",2025,9,SEP,1.44,
086,subkelompok,"Koran, Buku, Dan Perlengkapan Sekolah",2025,10,OKT,1.25,
086,subkelompok,"Koran, Buku, Dan Perlengkapan Sekolah",2025,11,NOV,1.48,
086,subkelompok,"Koran, Buku, Dan Perlengkapan Sekolah",2025,12,DES,1.27,
09,kelompok,Pendidikan,2025,1,JAN,1.53,
09,kelompok,Pendidikan,2025,2,FEB,1.49,
09,kelompok,Pendidikan,2025,3,MAR,1.49,
09,kelompok,Pendidikan,2025,4,APR,1.46,
09,kelompok,Pendidikan,2025,5,MEI,1.45,
09,kelompok,Pendidikan,2025,6,JUN,1.47,
09,kelompok,Pendidikan,2025,7,JUL,1.54,
09,kelompok,Pendidikan,2025,8,AGT,1.76,
09,kelompok,Pendidikan,2025,9,SEP,1.71,
09,kelompok,Pendidikan,2025,10,OKT,1.71,
09,kelompok,Pendidikan,2025,11,NOV,1.71,
09,kelompok,Pendidikan,2025,12,DES,1.74,
091,subkelompok,Pendidikan Dasar Dan Anak Usia Dini,2025,1,JAN,2.96,
091,subkelompok,Pendidikan Dasar Dan Anak Usia Dini,2025,2,FEB,2.96,
091,subkelompok,Pendidikan Dasar Dan Anak Usia Dini,2025,3,MAR,2.96,
091,subkelompok,Pendidikan Dasar Dan Anak Usia Dini,2025,4,APR,2.96,
091,subkelompok,Pendidikan Dasar Dan Anak Usia Dini,2025,5,MEI,2.96,
091,subkelompok,Pendidikan Dasar Dan Anak Usia Dini,2025,6,JUN,2.96,
091,subkelompok,Pendidikan Dasar Dan Anak Usia Dini,2025,7,JUL,2.37,
091,subkelompok,Pendidikan Dasar Dan Anak Usia Dini,2025,8,AGT,2.19,
091,subkelompok,Pendidikan Dasar Dan Anak Usia Dini,2025,9,SEP,2.19,
091,subkelompok,Pendidikan Dasar Dan Anak Usia Dini,2025,10,OKT,2.19,
091,subkelompok,Pendidikan Dasar Dan Anak Usia Dini,2025,11,NOV,2.19,
091,subkelompok,Pendidikan Dasar Dan Anak Usia Dini,2025,12,DES,2.19,
092,subkelompok,Pendidikan Menengah,2025,1,JAN,1.48,
092,subkelompok,Pendidikan Menengah,2025,2,FEB,1.48,
092,subkelompok,Pendidikan Menengah,2025,3,MAR,1.48,
092,subkelompok,Pendidikan Menengah,2025,4,APR,1.48,
092,subkelompok,Pendidikan Menengah,2025,5,MEI,1.48,
092,subkelompok,Pendidikan Menengah,2025,6,JUN,1.48,
092,subkelompok,Pendidikan Menengah,2025,7,JUL,1.35,
092,subkelompok,Pendidikan Menengah,2025,8,AGT,1.39,
092,subkelompok,Pendidikan Menengah,2025,9,SEP,1.39,
092,subkelompok,Pendidikan Menengah,2025,10,OKT,1.39,
092,subkelompok,Pendidikan Menengah,2025,11,NOV,1.39,
092,subkelompok,Pendidikan Menengah,2025,12,DES,1.39,
093,subkelompok,Pendidikan Tinggi,2025,1,JAN,0.8,
093,subkelompok,Pendidikan Tinggi,2025,2,FEB,0.8,
093,subkelompok,Pendidikan Tinggi,2025,3,MAR,0.8,
093,subkelompok,Pendidikan Tinggi,2025,4,APR,0.8,
093,subkelompok,Pendidikan Tinggi,2025,5,MEI,0.8,
093,subkelompok,Pendidikan Tinggi,2025,6,JUN,0.8,
093,subkelompok,Pendidikan Tinggi,2025,7,JUL,0.8,
093,subkelompok,Pendidikan Tinggi,2025,8,AGT,1.46,
093,subkelompok,Pendidikan Tinggi,2025,9,SEP,1.32,
093,subkelompok,Pendidikan Tinggi,2025,10,OKT,1.32,
093,subkelompok,Pendidikan Tinggi,2025,11,NOV,1.32,
093,subkelompok,Pendidikan Tinggi,2025,12,DES,1.32,
094,subkelompok,Pendidikan Lainnya,2025,1,JAN,1.15,
094,subkelompok,Pendidikan Lainnya,2025,2,FEB,0.91,
094,subkelompok,Pendidikan Lainnya,2025,3,MAR,0.91,
094,subkelompok,Pendidikan Lainnya,2025,4,APR,0.71,
094,subkelompok,Pendidikan Lainnya,2025,5,MEI,0.66,
094,subkelompok,Pendidikan Lainnya,2025,6,JUN,0.77,
094,subkelompok,Pendidikan Lainnya,2025,7,JUL,2.37,
094,subkelompok,Pendidikan Lainnya,2025,8,AGT,2.49,
094,subkelompok,Pendidikan Lainnya,2025,9,SEP,2.45,
094,subkelompok,Pendidikan Lainnya,2025,10,OKT,2.45,
094,subkelompok,Pendidikan Lainnya,2025,11,NOV,2.45,
094,subkelompok,Pendidikan Lainnya,2025,12,DES,2.62,
10,kelompok,Penyediaan Makanan Dan Minuman/Restoran,2025,1,JAN,2.26,
10,kelompok,Penyediaan Makanan Dan Minuman/Restoran,2025,2,FEB,2.16,
10,kelompok,Penyediaan Makanan Dan Minuman/Restoran,2025,3,MAR,2.13,
10,kelompok,Penyediaan Makanan Dan Minuman/Restoran,2025,4,APR,2.07,
10,kelompok,Penyediaan Makanan Dan Minuman/Restoran,2025,5,MEI,1.88,
10,kelompok,Penyediaan Makanan Dan Minuman/Restoran,2025,6,JUN,1.94,
10,kelompok,Penyediaan Makanan Dan Minuman/Restoran,2025,7,JUL,1.91,
10,kelompok,Penyediaan Makanan Dan Minuman/Restoran,2025,8,AGT,1.86,
10,kelompok,Penyediaan Makanan Dan Minuman/Restoran,2025,9,SEP,1.76,
10,kelompok,Penyediaan Makanan Dan Minuman/Restoran,2025,10,OKT,1.43,
10,kelompok,Penyediaan Makanan Dan Minuman/Restoran,2025,11,NOV,1.4,
10,kelompok,Penyediaan Makanan Dan Minuman/Restoran,2025,12,DES,1.18,
101,subkelompok,Jasa Pelayanan Makanan Dan Minuman,2025,1,JAN,2.26,
101,subkelompok,Jasa Pelayanan Makanan Dan Minuman,2025,2,FEB,2.16,
101,subkelompok,Jasa Pelayanan Makanan Dan Minuman,2025,3,MAR,2.13,
101,subkelompok,Jasa Pelayanan Makanan Dan Minuman,2025,4,APR,2.07,
101,subkelompok,Jasa Pelayanan Makanan Dan Minuman,2025,5,MEI,1.88,
101,subkelompok,Jasa Pelayanan Makanan Dan Minuman,2025,6,JUN,1.94,
101,subkelompok,Jasa Pelayanan Makanan Dan Minuman,2025,7,JUL,1.91,
101,subkelompok,Jasa Pelayanan Makanan Dan Minuman,2025,8,AGT,1.86,
101,subkelompok,Jasa Pelayanan Makanan Dan Minuman,2025,9,SEP,1.76,
101,subkelompok,Jasa Pelayanan Makanan Dan Minuman,2025,10,OKT,1.43,
101,subkelompok,Jasa Pelayanan Makanan Dan Minuman,2025,11,NOV,1.4,
101,subkelompok,Jasa Pelayanan Makanan Dan Minuman,2025,12,DES,1.18,
11,kelompok,Perawatan Pribadi Dan Jasa Lainnya,2025,1,JAN,7.09,
11,kelompok,Perawatan Pribadi Dan Jasa Lainnya,2025,2,FEB,8.66,
11,kelompok,Perawatan Pribadi Dan Jasa Lainnya,2025,3,MAR,8.94,
11,kelompok,Perawatan Pribadi Dan Jasa Lainnya,2025,4,APR,10.38,
11,kelompok,Perawatan Pribadi Dan Jasa Lainnya,2025,5,MEI,9.53,
11,kelompok,Perawatan Pribadi Dan Jasa Lainnya,2025,6,JUN,9.96,
11,kelompok,Perawatan Pribadi Dan Jasa Lainnya,2025,7,JUL,9.52,
11,kelompok,Perawatan Pribadi Dan Jasa Lainnya,2025,8,AGT,9.38,
11,kelompok,Perawatan Pribadi Dan Jasa Lainnya,2025,9,SEP,11.09,
11,kelompok,Perawatan Pribadi Dan Jasa Lainnya,2025,10,OKT,13.43,
11,kelompok,Perawatan Pribadi Dan Jasa Lainnya,2025,11,NOV,13.56,
11,kelompok,Perawatan Pribadi Dan Jasa Lainnya,2025,12,DES,15.26,
111,subkelompok,Perawatan Pribadi,2025,1,JAN,1.75,
111,subkelompok,Perawatan Pribadi,2025,2,FEB,1.77,
111,subkelompok,Perawatan Pribadi,2025,3,MAR,1.95,
111,subkelompok,Perawatan Pribadi,2025,4,APR,1.89,
111,subkelompok,Perawatan Pribadi,2025,5,MEI,2.19,
111,subkelompok,Perawatan Pribadi,2025,6,JUN,2.28,
111,subkelompok,Perawatan Pribadi,2025,7,JUL,2.27,
111,subkelompok,Perawatan Pribadi,2025,8,AGT,2.24,
111,subkelompok,Perawatan Pribadi,2025,9,SEP,2.02,
111,subkelompok,Perawatan Pribadi,2025,10,OKT,2.03,
111,subkelompok,Perawatan Pribadi,2025,11,NOV,2.06,
111,subkelompok,Perawatan Pribadi,2025,12,DES,2.15,
112,subkelompok,Perawatan Pribadi Lainnya,2025,1,JAN,20.79,
112,subkelompok,Perawatan Pribadi Lainnya,2025,2,FEB,26.35,
112,subkelompok,Perawatan Pribadi Lainnya,2025,3,MAR,26.46,
112,subkelompok,Perawatan Pribadi Lainnya,2025,4,APR,30.7,
112,subkelompok,Perawatan Pribadi Lainnya,2025,5,MEI,26.73,
112,subkelompok,Perawatan Pribadi Lainnya,2025,6,JUN,27.87,
112,subkelompok,Perawatan Pribadi Lainnya,2025,7,JUL,26.29,
112,subkelompok,Perawatan Pribadi Lainnya,2025,8,AGT,25.69,
112,subkelompok,Perawatan Pribadi Lainnya,2025,9,SEP,31.84,
112,subkelompok,Perawatan Pribadi Lainnya,2025,10,OKT,38.72,
112,subkelompok,Perawatan Pribadi Lainnya,2025,11,NOV,38.74,
112,subkelompok,Perawatan Pribadi Lainnya,2025,12,DES,44.09,
113,subkelompok,Perlindungan Sosial,2025,1,JAN,0.57,
113,subkelompok,Perlindungan Sosial,2025,2,FEB,0.57,
113,subkelompok,Perlindungan Sosial,2025,3,MAR,0.57,
113,subkelompok,Perlindungan Sosial,2025,4,APR,0.51,
113,subkelompok,Perlindungan Sosial,2025,5,MEI,0.46,
113,subkelompok,Perlindungan Sosial,2025,6,JUN,0.46,
113,subkelompok,Perlindungan Sosial,2025,7,JUL,0.46,
113,subkelompok,Perlindungan Sosial,2025,8,AGT,0.46,
113,subkelompok,Perlindungan Sosial,2025,9,SEP,,mendekati_nol
113,subkelompok,Perlindungan Sosial,2025,10,OKT,,mendekati_nol
113,subkelompok,Perlindungan Sosial,2025,11,NOV,,mendekati_nol
113,subkelompok,Perlindungan Sosial,2025,12,DES,0.44,
119,subkelompok,Jasa Lainnya,2025,1,JAN,2.11,
119,subkelompok,Jasa Lainnya,2025,2,FEB,1.14,
119,subkelompok,Jasa Lainnya,2025,3,MAR,0.86,
119,subkelompok,Jasa Lainnya,2025,4,APR,0.86,
119,subkelompok,Jasa Lainnya,2025,5,MEI,1.1,
119,subkelompok,Jasa Lainnya,2025,6,JUN,1.1,
119,subkelompok,Jasa Lainnya,2025,7,JUL,1.8,
119,subkelompok,Jasa Lainnya,2025,8,AGT,1.91,
119,subkelompok,Jasa Lainnya,2025,9,SEP,1.83,
119,subkelompok,Jasa Lainnya,2025,10,OKT,1.73,
119,subkelompok,Jasa Lainnya,2025,11,NOV,1.56,
119,subkelompok,Jasa Lainnya,2025,12,DES,1.56,
