kode_wilayah,nama_wilayah,tahun,pdrb_adhb_total_resmi,pdrb_adhk_total_resmi,indeks_implisit,satuan,status_data
3501,Kabupaten Pacitan,2020,15785.2,10837.87,145.65,miliar rupiah,tetap
3501,Kabupaten Pacitan,2021,16381.24,11107.4,147.48,miliar rupiah,tetap
3501,Kabupaten Pacitan,2022,17986.47,11722.44,153.44,miliar rupiah,tetap
3501,Kabupaten Pacitan,2023,19490.5,12244.97,159.17,miliar rupiah,sementara
3501,Kabupaten Pacitan,2024,20656.58,12775.82,161.69,miliar rupiah,sangat_sementara
3502,Kabupaten Ponorogo,2020,20513.38,14168.62,144.78,miliar rupiah,tetap
3502,Kabupaten Ponorogo,2021,21350.01,14619.97,146.03,miliar rupiah,tetap
3502,Kabupaten Ponorogo,2022,23028.25,15093.71,152.57,miliar rupiah,tetap
3502,Kabupaten Ponorogo,2023,25247.78,15870.05,159.09,miliar rupiah,sementara
3502,Kabupaten Ponorogo,2024,27047.08,16622.78,162.71,miliar rupiah,sangat_sementara
3503,Kabupaten Trenggalek,2020,18314.46,12502.39,146.49,miliar rupiah,tetap
3503,Kabupaten Trenggalek,2021,19198.25,12959.02,148.15,miliar rupiah,tetap
3503,Kabupaten Trenggalek,2022,20882.31,13545.41,154.17,miliar rupiah,tetap
3503,Kabupaten Trenggalek,2023,22740.05,14212.06,160.01,miliar rupiah,sementara
3503,Kabupaten Trenggalek,2024,24364.74,14881.55,163.72,miliar rupiah,sangat_sementara
3504,Kabupaten Tulungagung,2020,38225.99,26455.76,144.49,miliar rupiah,tetap
3504,Kabupaten Tulungagung,2021,40166.67,27390.42,146.64,miliar rupiah,tetap
3504,Kabupaten Tulungagung,2022,44133.48,28818.91,153.14,miliar rupiah,tetap
3504,Kabupaten Tulungagung,2023,47964.44,30234.61,158.64,miliar rupiah,sementara
3504,Kabupaten Tulungagung,2024,51246.65,31703.89,161.64,miliar rupiah,sangat_sementara
3505,Kabupaten Blitar,2020,36023.96,24945.46,144.41,miliar rupiah,tetap
3505,Kabupaten Blitar,2021,37819.73,25700.02,147.16,miliar rupiah,tetap
3505,Kabupaten Blitar,2022,41379.31,27037.33,153.05,miliar rupiah,tetap
3505,Kabupaten Blitar,2023,44891.73,28239.86,158.97,miliar rupiah,sementara
3505,Kabupaten Blitar,2024,47779.19,29493.8,162.0,miliar rupiah,sangat_sementara
3506,Kabupaten Kediri,2020,40626.77,28490.95,142.6,miliar rupiah,tetap
3506,Kabupaten Kediri,2021,42692.71,29361.67,145.4,miliar rupiah,tetap
3506,Kabupaten Kediri,2022,46650.03,30800.71,151.46,miliar rupiah,tetap
3506,Kabupaten Kediri,2023,50638.15,32195.5,157.28,miliar rupiah,sementara
3506,Kabupaten Kediri,2024,54649.67,33787.64,161.74,miliar rupiah,sangat_sementara
3507,Kabupaten Malang,2020,102027.83,66545.47,153.32,miliar rupiah,tetap
3507,Kabupaten Malang,2021,107036.38,68619.1,155.99,miliar rupiah,tetap
3507,Kabupaten Malang,2022,117422.03,72136.46,162.78,miliar rupiah,tetap
3507,Kabupaten Malang,2023,128373.22,75744.29,169.48,miliar rupiah,sementara
3507,Kabupaten Malang,2024,138423.17,79500.89,174.12,miliar rupiah,sangat_sementara
3508,Kabupaten Lumajang,2020,32062.01,21933.79,146.18,miliar rupiah,tetap
3508,Kabupaten Lumajang,2021,33678.62,22623.4,148.87,miliar rupiah,tetap
3508,Kabupaten Lumajang,2022,36663.73,23626.58,155.18,miliar rupiah,tetap
3508,Kabupaten Lumajang,2023,40072.78,24808.35,161.53,miliar rupiah,sementara
3508,Kabupaten Lumajang,2024,43059.45,25929.92,166.06,miliar rupiah,sangat_sementara
3509,Kabupaten Jember,2020,76039.98,52586.56,144.6,miliar rupiah,tetap
3509,Kabupaten Jember,2021,81068.84,54688.72,148.24,miliar rupiah,tetap
3509,Kabupaten Jember,2022,88030.45,57167.13,153.99,miliar rupiah,tetap
3509,Kabupaten Jember,2023,95289.79,59984.0,158.86,miliar rupiah,sementara
3509,Kabupaten Jember,2024,102757.71,62897.17,163.37,miliar rupiah,sangat_sementara
3510,Kabupaten Banyuwangi,2020,81102.88,53295.11,152.18,miliar rupiah,tetap
3510,Kabupaten Banyuwangi,2021,85918.57,55472.57,154.88,miliar rupiah,tetap
3510,Kabupaten Banyuwangi,2022,93278.95,57932.55,161.01,miliar rupiah,tetap
3510,Kabupaten Banyuwangi,2023,101296.62,60848.35,166.47,miliar rupiah,sementara
3510,Kabupaten Banyuwangi,2024,108922.59,63693.57,171.01,miliar rupiah,sangat_sementara
3511,Kabupaten Bondowoso,2020,19935.59,13451.77,148.2,miliar rupiah,tetap
3511,Kabupaten Bondowoso,2021,21052.23,13921.65,151.22,miliar rupiah,tetap
3511,Kabupaten Bondowoso,2022,22901.86,14410.2,158.93,miliar rupiah,tetap
3511,Kabupaten Bondowoso,2023,24773.36,15075.62,164.33,miliar rupiah,sementara
3511,Kabupaten Bondowoso,2024,26543.06,15809.26,167.9,miliar rupiah,sangat_sementara
3512,Kabupaten Situbondo,2020,20041.85,13282.84,150.89,miliar rupiah,tetap
3512,Kabupaten Situbondo,2021,21200.85,13715.83,154.57,miliar rupiah,tetap
3512,Kabupaten Situbondo,2022,23128.64,14318.0,161.54,miliar rupiah,tetap
3512,Kabupaten Situbondo,2023,25224.98,15018.99,167.95,miliar rupiah,sementara
3512,Kabupaten Situbondo,2024,27101.63,15741.75,172.16,miliar rupiah,sangat_sementara
3513,Kabupaten Probolinggo,2020,33721.07,22898.24,147.26,miliar rupiah,tetap
3513,Kabupaten Probolinggo,2021,35605.52,23664.39,150.46,miliar rupiah,tetap
3513,Kabupaten Probolinggo,2022,38932.78,24734.19,157.4,miliar rupiah,tetap
3513,Kabupaten Probolinggo,2023,42376.92,25904.93,163.59,miliar rupiah,sementara
3513,Kabupaten Probolinggo,2024,45675.15,27153.09,168.21,miliar rupiah,sangat_sementara
3514,Kabupaten Pasuruan,2020,145592.02,103152.8,141.14,miliar rupiah,tetap
3514,Kabupaten Pasuruan,2021,157150.73,107630.27,146.01,miliar rupiah,tetap
3514,Kabupaten Pasuruan,2022,172654.17,113352.08,152.32,miliar rupiah,tetap
3514,Kabupaten Pasuruan,2023,186946.17,119252.55,156.76,miliar rupiah,sementara
3514,Kabupaten Pasuruan,2024,201665.14,125622.82,160.53,miliar rupiah,sangat_sementara
3515,Kabupaten Sidoarjo,2020,197240.69,135305.32,145.77,miliar rupiah,tetap
3515,Kabupaten Sidoarjo,2021,210650.18,141000.36,149.4,miliar rupiah,tetap
3515,Kabupaten Sidoarjo,2022,245227.46,151613.88,161.74,miliar rupiah,tetap
3515,Kabupaten Sidoarjo,2023,273698.07,160950.78,170.05,miliar rupiah,sementara
3515,Kabupaten Sidoarjo,2024,296887.11,169867.8,174.78,miliar rupiah,sangat_sementara
3516,Kabupaten Mojokerto,2020,81940.86,57818.42,141.72,miliar rupiah,tetap
3516,Kabupaten Mojokerto,2021,87145.02,60198.7,144.76,miliar rupiah,tetap
3516,Kabupaten Mojokerto,2022,95798.11,63699.84,150.39,miliar rupiah,tetap
3516,Kabupaten Mojokerto,2023,104364.24,66982.68,155.81,miliar rupiah,sementara
3516,Kabupaten Mojokerto,2024,113129.71,70527.65,160.4,miliar rupiah,sangat_sementara
3517,Kabupaten Jombang,2020,39870.88,27657.58,144.16,miliar rupiah,tetap
3517,Kabupaten Jombang,2021,41747.22,28553.45,146.21,miliar rupiah,tetap
3517,Kabupaten Jombang,2022,45935.67,30086.17,152.68,miliar rupiah,tetap
3517,Kabupaten Jombang,2023,49984.48,31602.77,158.16,miliar rupiah,sementara
3517,Kabupaten Jombang,2024,53898.91,33230.48,162.2,miliar rupiah,sangat_sementara
3518,Kabupaten Nganjuk,2020,26601.16,17990.36,147.86,miliar rupiah,tetap
3518,Kabupaten Nganjuk,2021,28053.33,18640.68,150.5,miliar rupiah,tetap
3518,Kabupaten Nganjuk,2022,30819.75,19543.18,157.7,miliar rupiah,tetap
3518,Kabupaten Nganjuk,2023,33646.95,20598.57,163.35,miliar rupiah,sementara
3518,Kabupaten Nganjuk,2024,36270.56,21614.91,167.8,miliar rupiah,sangat_sementara
3519,Kabupaten Madiun,2020,19166.56,13146.12,145.8,miliar rupiah,tetap
3519,Kabupaten Madiun,2021,20024.41,13582.73,147.43,miliar rupiah,tetap
3519,Kabupaten Madiun,2022,21859.38,14169.62,154.27,miliar rupiah,tetap
3519,Kabupaten Madiun,2023,23833.01,14895.81,160.0,miliar rupiah,sementara
3519,Kabupaten Madiun,2024,25548.56,15593.2,163.84,miliar rupiah,sangat_sementara
3520,Kabupaten Magetan,2020,18771.76,13020.89,144.17,miliar rupiah,tetap
3520,Kabupaten Magetan,2021,19587.87,13417.03,145.99,miliar rupiah,tetap
3520,Kabupaten Magetan,2022,21194.74,13939.15,152.05,miliar rupiah,tetap
3520,Kabupaten Magetan,2023,22922.28,14562.68,157.4,miliar rupiah,sementara
3520,Kabupaten Magetan,2024,24577.3,15259.86,161.06,miliar rupiah,sangat_sementara
3521,Kabupaten Ngawi,2020,20270.97,13479.74,150.38,miliar rupiah,tetap
3521,Kabupaten Ngawi,2021,20814.46,13823.46,150.57,miliar rupiah,tetap
3521,Kabupaten Ngawi,2022,22454.95,14264.44,157.42,miliar rupiah,tetap
3521,Kabupaten Ngawi,2023,24324.65,14904.51,163.2,miliar rupiah,sementara
3521,Kabupaten Ngawi,2024,25944.84,15595.97,166.36,miliar rupiah,sangat_sementara
3522,Kabupaten Bojonegoro,2020,70258.51,69703.42,100.8,miliar rupiah,tetap
3522,Kabupaten Bojonegoro,2021,84200.91,65839.51,127.89,miliar rupiah,tetap
3522,Kabupaten Bojonegoro,2022,100492.89,61782.87,162.65,miliar rupiah,tetap
3522,Kabupaten Bojonegoro,2023,97971.82,63310.69,154.75,miliar rupiah,sementara
3522,Kabupaten Bojonegoro,2024,101794.09,64367.43,158.15,miliar rupiah,sangat_sementara
3523,Kabupaten Tuban,2020,62323.07,42705.01,145.94,miliar rupiah,tetap
3523,Kabupaten Tuban,2021,65911.73,43984.69,149.85,miliar rupiah,tetap
3523,Kabupaten Tuban,2022,75187.65,47890.26,157.0,miliar rupiah,tetap
3523,Kabupaten Tuban,2023,81860.06,49984.23,163.77,miliar rupiah,sementara
3523,Kabupaten Tuban,2024,87110.99,51913.41,167.8,miliar rupiah,sangat_sementara
3524,Kabupaten Lamongan,2020,39169.59,26972.65,145.22,miliar rupiah,tetap
3524,Kabupaten Lamongan,2021,41042.89,27896.54,147.13,miliar rupiah,tetap
3524,Kabupaten Lamongan,2022,45441.05,29447.44,154.31,miliar rupiah,tetap
3524,Kabupaten Lamongan,2023,48927.3,30709.18,159.32,miliar rupiah,sementara
3524,Kabupaten Lamongan,2024,52076.88,32185.95,161.8,miliar rupiah,sangat_sementara
3525,Kabupaten Gresik,2020,134268.56,97616.6,137.55,miliar rupiah,tetap
3525,Kabupaten Gresik,2021,144656.07,101318.69,142.77,miliar rupiah,tetap
3525,Kabupaten Gresik,2022,163907.91,108796.88,150.65,miliar rupiah,tetap
3525,Kabupaten Gresik,2023,176261.0,113825.43,154.85,miliar rupiah,sementara
3525,Kabupaten Gresik,2024,188604.51,119274.42,158.13,miliar rupiah,sangat_sementara
3526,Kabupaten Bangkalan,2020,23290.01,17514.62,132.97,miliar rupiah,tetap
3526,Kabupaten Bangkalan,2021,24756.71,17152.78,144.33,miliar rupiah,tetap
3526,Kabupaten Bangkalan,2022,27164.2,16959.91,160.17,miliar rupiah,tetap
3526,Kabupaten Bangkalan,2023,27740.03,17164.2,161.62,miliar rupiah,sementara
3526,Kabupaten Bangkalan,2024,28738.77,17497.5,164.25,miliar rupiah,sangat_sementara
3527,Kabupaten Sampang,2020,19842.57,13953.74,142.2,miliar rupiah,tetap
3527,Kabupaten Sampang,2021,20638.85,13984.57,147.58,miliar rupiah,tetap
3527,Kabupaten Sampang,2022,23009.31,14308.28,160.81,miliar rupiah,tetap
3527,Kabupaten Sampang,2023,24086.65,14674.11,164.14,miliar rupiah,sementara
3527,Kabupaten Sampang,2024,24881.79,14925.3,166.71,miliar rupiah,sangat_sementara
3528,Kabupaten Pamekasan,2020,16793.85,11117.62,151.06,miliar rupiah,tetap
3528,Kabupaten Pamekasan,2021,17659.22,11496.24,153.61,miliar rupiah,tetap
3528,Kabupaten Pamekasan,2022,19263.35,12031.56,160.11,miliar rupiah,tetap
3528,Kabupaten Pamekasan,2023,20881.25,12628.69,165.35,miliar rupiah,sementara
3528,Kabupaten Pamekasan,2024,22492.18,13245.25,169.81,miliar rupiah,sangat_sementara
3529,Kabupaten Sumenep,2020,32750.24,23546.51,139.09,miliar rupiah,tetap
3529,Kabupaten Sumenep,2021,35300.16,24161.35,146.1,miliar rupiah,tetap
3529,Kabupaten Sumenep,2022,40255.32,24912.62,161.59,miliar rupiah,tetap
3529,Kabupaten Sumenep,2023,42966.59,26244.79,163.71,miliar rupiah,sementara
3529,Kabupaten Sumenep,2024,45222.29,27234.39,166.05,miliar rupiah,sangat_sementara
3571,Kota Kediri,2020,132406.06,84374.98,156.93,miliar rupiah,tetap
3571,Kota Kediri,2021,141467.12,86485.59,163.57,miliar rupiah,tetap
3571,Kota Kediri,2022,152778.31,89907.21,169.93,miliar rupiah,tetap
3571,Kota Kediri,2023,159736.72,91631.35,174.33,miliar rupiah,sementara
3571,Kota Kediri,2024,168748.92,94774.08,178.05,miliar rupiah,sangat_sementara
3572,Kota Blitar,2020,6708.14,4722.55,142.04,miliar rupiah,tetap
3572,Kota Blitar,2021,7113.6,4924.57,144.45,miliar rupiah,tetap
3572,Kota Blitar,2022,7833.94,5181.61,151.19,miliar rupiah,tetap
3572,Kota Blitar,2023,8515.16,5455.81,156.07,miliar rupiah,sementara
3572,Kota Blitar,2024,9187.7,5746.4,159.89,miliar rupiah,sangat_sementara
3573,Kota Malang,2020,72163.19,51154.53,141.07,miliar rupiah,tetap
3573,Kota Malang,2021,76617.34,53309.7,143.72,miliar rupiah,tetap
3573,Kota Malang,2022,84807.43,56678.64,149.63,miliar rupiah,tetap
3573,Kota Malang,2023,93053.43,60119.82,154.78,miliar rupiah,sementara
3573,Kota Malang,2024,100116.87,63373.3,157.98,miliar rupiah,sangat_sementara
3574,Kota Probolinggo,2020,11074.5,8035.27,137.82,miliar rupiah,tetap
3574,Kota Probolinggo,2021,11699.9,8361.14,139.93,miliar rupiah,tetap
3574,Kota Probolinggo,2022,12931.38,8872.84,145.74,miliar rupiah,tetap
3574,Kota Probolinggo,2023,14296.47,9408.51,151.95,miliar rupiah,sementara
3574,Kota Probolinggo,2024,15374.98,9893.27,155.41,miliar rupiah,sangat_sementara
3575,Kota Pasuruan,2020,8047.23,5706.6,141.02,miliar rupiah,tetap
3575,Kota Pasuruan,2021,8491.13,5914.59,143.56,miliar rupiah,tetap
3575,Kota Pasuruan,2022,9452.82,6282.38,150.47,miliar rupiah,tetap
3575,Kota Pasuruan,2023,10399.89,6637.08,156.69,miliar rupiah,sementara
3575,Kota Pasuruan,2024,11208.17,6998.74,160.15,miliar rupiah,sangat_sementara
3576,Kota Mojokerto,2020,6588.06,4801.46,137.21,miliar rupiah,tetap
3576,Kota Mojokerto,2021,6935.63,4976.49,139.37,miliar rupiah,tetap
3576,Kota Mojokerto,2022,7637.02,5253.0,145.38,miliar rupiah,tetap
3576,Kota Mojokerto,2023,8038.66,5399.62,148.87,miliar rupiah,sementara
3576,Kota Mojokerto,2024,8612.33,5686.79,151.44,miliar rupiah,sangat_sementara
3577,Kota Madiun,2020,13519.88,10055.91,134.45,miliar rupiah,tetap
3577,Kota Madiun,2021,14435.43,10537.7,136.99,miliar rupiah,tetap
3577,Kota Madiun,2022,15818.61,11119.55,142.26,miliar rupiah,tetap
3577,Kota Madiun,2023,17256.23,11764.4,146.68,miliar rupiah,sementara
3577,Kota Madiun,2024,18653.19,12438.92,149.96,miliar rupiah,sangat_sementara
3578,Kota Surabaya,2020,554509.46,390936.42,141.84,miliar rupiah,tetap
3578,Kota Surabaya,2021,590227.12,407725.83,144.76,miliar rupiah,tetap
3578,Kota Surabaya,2022,655616.22,434268.34,150.97,miliar rupiah,tetap
3578,Kota Surabaya,2023,715294.71,459030.72,155.83,miliar rupiah,sementara
3578,Kota Surabaya,2024,772493.61,485448.89,159.13,miliar rupiah,sangat_sementara
3579,Kota Batu,2020,15916.8,11025.81,144.36,miliar rupiah,tetap
3579,Kota Batu,2021,16841.14,11471.43,146.81,miliar rupiah,tetap
3579,Kota Batu,2022,18587.6,12180.93,152.6,miliar rupiah,tetap
3579,Kota Batu,2023,20525.42,12936.6,158.66,miliar rupiah,sementara
3579,Kota Batu,2024,22154.31,13588.14,163.04,miliar rupiah,sangat_sementara
