kode_wilayah,nama_wilayah,jenis_wilayah,nama_singkat,nama_tabel,nama_pdf
3501,Kabupaten Pacitan,Kabupaten,Pacitan,Pacitan,Kab. Pacitan
3502,Kabupaten Ponorogo,Kabupaten,Ponorogo,Ponorogo,Kab. Ponorogo
3503,Kabupaten Trenggalek,Kabupaten,Trenggalek,Trenggalek,Kab. Trenggalek
3504,Kabupaten Tulungagung,Kabupaten,Tulungagung,Tulungagung,Kab. Tulungagung
3505,Kabupaten Blitar,Kabupaten,Blitar,Blitar,Kab. Blitar
3506,Kabupaten Kediri,Kabupaten,Kediri,Kediri,Kab. Kediri
3507,Kabupaten Malang,Kabupaten,Malang,Malang,Kab. Malang
3508,Kabupaten Lumajang,Kabupaten,Lumajang,Lumajang,Kab. Lumajang
3509,Kabupaten Jember,Kabupaten,Jember,Jember,Kab. Jember
3510,Kabupaten Banyuwangi,Kabupaten,Banyuwangi,Banyuwangi,Kab. Banyuwangi
3511,Kabupaten Bondowoso,Kabupaten,Bondowoso,Bondowoso,Kab. Bondowoso
3512,Kabupaten Situbondo,Kabupaten,Situbondo,Situbondo,Kab. Situbondo
3513,Kabupaten Probolinggo,Kabupaten,Probolinggo,Probolinggo,Kab. Probolinggo
3514,Kabupaten Pasuruan,Kabupaten,Pasuruan,Pasuruan,Kab. Pasuruan
3515,Kabupaten Sidoarjo,Kabupaten,Sidoarjo,Sidoarjo,Kab. Sidoarjo
3516,Kabupaten Mojokerto,Kabupaten,Mojokerto,Mojokerto,Kab. Mojokerto
3517,Kabupaten Jombang,Kabupaten,Jombang,Jombang,Kab. Jombang
3518,Kabupaten Nganjuk,Kabupaten,Nganjuk,Nganjuk,Kab. Nganjuk
3519,Kabupaten Madiun,Kabupaten,Madiun,Madiun,Kab. Madiun
3520,Kabupaten Magetan,Kabupaten,Magetan,Magetan,Kab. Magetan
3521,Kabupaten Ngawi,Kabupaten,Ngawi,Ngawi,Kab. Ngawi
3522,Kabupaten Bojonegoro,Kabupaten,Bojonegoro,Bojonegoro,Kab. Bojonegoro
3523,Kabupaten Tuban,Kabupaten,Tuban,Tuban,Kab. Tuban
3524,Kabupaten Lamongan,Kabupaten,Lamongan,Lamongan,Kab. Lamongan
3525,Kabupaten Gresik,Kabupaten,Gresik,Gresik,Kab. Gresik
3526,Kabupaten Bangkalan,Kabupaten,Bangkalan,Bangkalan,Kab. Bangkalan
3527,Kabupaten Sampang,Kabupaten,Sampang,Sampang,Kab. Sampang
3528,Kabupaten Pamekasan,Kabupaten,Pamekasan,Pamekasan,Kab. Pamekasan
3529,Kabupaten Sumenep,Kabupaten,Sumenep,Sumenep,Kab. Sumenep
3571,Kota Kediri,Kota,Kediri,Kota Kediri,Kota Kediri
3572,Kota Blitar,Kota,Blitar,Kota Blitar,Kota Blitar
3573,Kota Malang,Kota,Malang,Kota Malang,Kota Malang
3574,Kota Probolinggo,Kota,Probolinggo,Kota Probolinggo,Kota Probolinggo
3575,Kota Pasuruan,Kota,Pasuruan,Kota Pasuruan,Kota Pasuruan
3576,Kota Mojokerto,Kota,Mojokerto,Kota Mojokerto,Kota Mojokerto
3577,Kota Madiun,Kota,Madiun,Kota Madiun,Kota Madiun
3578,Kota Surabaya,Kota,Surabaya,Kota Surabaya,Kota Surabaya
3579,Kota Batu,Kota,Batu,Kota Batu,Kota Batu
